{"cameraMode":{"drawMode":0,"name":"Shaded","section":"Shading Mode"},"sceneLighting":true,"audioPlay":false,"sceneViewState":{"m_AlwaysRefresh":false,"showFog":true,"showSkybox":true,"showFlares":true,"showImageEffects":true,"showParticleSystems":true,"showVisualEffectGraphs":true,"m_FxEnabled":true},"in2DMode":false,"pivot":{"x":-1.0893574953079224,"y":-2.0658507347106935,"z":-3.6463868618011476},"rotation":{"x":0.015751274302601816,"y":-0.6945350766181946,"z":0.015210503712296486,"w":0.7191324830055237},"size":12.12435531616211,"orthographic":true}